ServicingOption,AvailabilityDate,Build,KBArticle
General Availability Channel,23/07/2024,19045.4717,KB5040525
General Availability Channel,09/07/2024,19045.4651,KB5040427
General Availability Channel,25/06/2024,19045.4598,KB5039299
General Availability Channel,11/06/2024,19045.4529,KB5039211
General Availability Channel,29/05/2024,19045.4474,KB5037849
General Availability Channel,14/05/2024,19045.4412,KB5037768
General Availability Channel,23/04/2024,19045.4355,KB5036979
General Availability Channel,09/04/2024,19045.4291,KB5036892
General Availability Channel,26/03/2024,19045.4239,KB5035941
General Availability Channel,12/03/2024,19045.417,KB5035845
General Availability Channel,29/02/2024,19045.4123,KB5034843
General Availability Channel,13/02/2024,19045.4046,KB5034763
General Availability Channel,23/01/2024,19045.3996,KB5034203
General Availability Channel,09/01/2024,19045.393,KB5034122
General Availability Channel,12/12/2023,19045.3803,KB5033372
General Availability Channel,30/11/2023,19045.3758,KB5032278
General Availability Channel,14/11/2023,19045.3693,KB5032189
General Availability Channel,26/10/2023,19045.3636,KB5031445
General Availability Channel,10/10/2023,19045.357,KB5031356
General Availability Channel,26/09/2023,19045.3516,KB5030300
General Availability Channel,12/09/2023,19045.3448,KB5030211
General Availability Channel,22/08/2023,19045.3393,KB5029331
General Availability Channel,08/08/2023,19045.3324,KB5029244
General Availability Channel,25/07/2023,19045.3271,KB5028244
General Availability Channel,11/07/2023,19045.3208,KB5028166
General Availability Channel,27/06/2023,19045.3155,KB5027293
General Availability Channel,13/06/2023,19045.3086,KB5027215
General Availability Channel,23/05/2023,19045.3031,KB5026435
General Availability Channel,09/05/2023,19045.2965,KB5026361
General Availability Channel,25/04/2023,19045.2913,KB5025297
General Availability Channel,11/04/2023,19045.2846,KB5025221
General Availability Channel,21/03/2023,19045.2788,KB5023773
General Availability Channel,14/03/2023,19045.2728,KB5023696
General Availability Channel,21/02/2023,19045.2673,KB5022906
General Availability Channel,14/02/2023,19045.2604,KB5022834
General Availability Channel,19/01/2023,19045.2546,KB5019275
General Availability Channel,10/01/2023,19045.2486,KB5022282
General Availability Channel,13/12/2022,19045.2364,KB5021233
General Availability Channel,15/11/2022,19045.2311,KB5020030
General Availability Channel,08/11/2022,19045.2251,KB5019959
General Availability Channel,18/10/2022,19045.213,
LTSC,09/07/2024,19044.4651,KB5040427
LTSC  •  General Availability Channel,11/06/2024,19044.4529,KB5039211
LTSC  •  General Availability Channel,14/05/2024,19044.4412,KB5037768
LTSC  •  General Availability Channel,09/04/2024,19044.4291,KB5036892
LTSC  •  General Availability Channel,12/03/2024,19044.417,KB5035845
LTSC  •  General Availability Channel,13/02/2024,19044.4046,KB5034763
LTSC  •  General Availability Channel,09/01/2024,19044.393,KB5034122
LTSC  •  General Availability Channel,12/12/2023,19044.3803,KB5033372
LTSC  •  General Availability Channel,14/11/2023,19044.3693,KB5032189
LTSC  •  General Availability Channel,10/10/2023,19044.357,KB5031356
LTSC  •  General Availability Channel,12/09/2023,19044.3448,KB5030211
LTSC  •  General Availability Channel,08/08/2023,19044.3324,KB5029244
LTSC  •  General Availability Channel,11/07/2023,19044.3208,KB5028166
LTSC  •  General Availability Channel,13/06/2023,19044.3086,KB5027215
LTSC  •  General Availability Channel,09/05/2023,19044.2965,KB5026361
LTSC  •  General Availability Channel,11/04/2023,19044.2846,KB5025221
LTSC  •  General Availability Channel,21/03/2023,19044.2788,KB5023773
LTSC  •  General Availability Channel,14/03/2023,19044.2728,KB5023696
LTSC  •  General Availability Channel,21/02/2023,19044.2673,KB5022906
LTSC  •  General Availability Channel,14/02/2023,19044.2604,KB5022834
LTSC  •  General Availability Channel,19/01/2023,19044.2546,KB5019275
LTSC  •  General Availability Channel,10/01/2023,19044.2486,KB5022282
LTSC  •  General Availability Channel,13/12/2022,19044.2364,KB5021233
LTSC  •  General Availability Channel,15/11/2022,19044.2311,KB5020030
LTSC  •  General Availability Channel,08/11/2022,19044.2251,KB5019959
LTSC  •  General Availability Channel,28/10/2022,19044.2194,KB5020953
LTSC  •  General Availability Channel,25/10/2022,19044.2193,KB5018482
LTSC  •  General Availability Channel,17/10/2022,19044.2132,KB5020435
LTSC  •  General Availability Channel,11/10/2022,19044.213,KB5018410
LTSC  •  General Availability Channel,20/09/2022,19044.2075,KB5017380
LTSC  •  General Availability Channel,13/09/2022,19044.2006,KB5017308
LTSC  •  General Availability Channel,26/08/2022,19044.1949,KB5016688
LTSC  •  General Availability Channel,09/08/2022,19044.1889,KB5016616
LTSC  •  General Availability Channel,26/07/2022,19044.1865,KB5015878
LTSC  •  General Availability Channel,12/07/2022,19044.1826,KB5015807
LTSC  •  General Availability Channel,28/06/2022,19044.1806,KB5014666
LTSC  •  General Availability Channel,20/06/2022,19044.1767,KB5016139
LTSC  •  General Availability Channel,14/06/2022,19044.1766,KB5014699
LTSC  •  General Availability Channel,02/06/2022,19044.1741,KB5014023
LTSC  •  General Availability Channel,19/05/2022,19044.1708,KB5015020
LTSC  •  General Availability Channel,10/05/2022,19044.1706,KB5013942
LTSC  •  General Availability Channel,25/04/2022,19044.1682,KB5011831
LTSC  •  General Availability Channel,12/04/2022,19044.1645,KB5012599
LTSC  •  General Availability Channel,22/03/2022,19044.162,KB5011543
LTSC  •  General Availability Channel,08/03/2022,19044.1586,KB5011487
LTSC  •  General Availability Channel,15/02/2022,19044.1566,KB5010415
LTSC  •  General Availability Channel,08/02/2022,19044.1526,KB5010342
LTSC  •  General Availability Channel,25/01/2022,19044.1503,KB5009596
LTSC  •  General Availability Channel,17/01/2022,19044.1469,KB5010793
LTSC  •  General Availability Channel,11/01/2022,19044.1466,KB5009543
LTSC  •  General Availability Channel,14/12/2021,19044.1415,KB5008212
LTSC  •  General Availability Channel,22/11/2021,19044.1387,KB5007253
LTSC  •  General Availability Channel,16/11/2021,19044.1288,
Semi-Annual Channel,13/12/2022,19043.2364,KB5021233
Semi-Annual Channel,15/11/2022,19043.2311,KB5020030
Semi-Annual Channel,08/11/2022,19043.2251,KB5019959
Semi-Annual Channel,28/10/2022,19043.2194,KB5020953
Semi-Annual Channel,25/10/2022,19043.2193,KB5018482
Semi-Annual Channel,17/10/2022,19043.2132,KB5020435
Semi-Annual Channel,11/10/2022,19043.213,KB5018410
Semi-Annual Channel,20/09/2022,19043.2075,KB5017380
Semi-Annual Channel,13/09/2022,19043.2006,KB5017308
Semi-Annual Channel,26/08/2022,19043.1949,KB5016688
Semi-Annual Channel,09/08/2022,19043.1889,KB5016616
Semi-Annual Channel,26/07/2022,19043.1865,KB5015878
Semi-Annual Channel,12/07/2022,19043.1826,KB5015807
Semi-Annual Channel,28/06/2022,19043.1806,KB5014666
Semi-Annual Channel,20/06/2022,19043.1767,KB5016139
Semi-Annual Channel,14/06/2022,19043.1766,KB5014699
Semi-Annual Channel,02/06/2022,19043.1741,KB5014023
Semi-Annual Channel,19/05/2022,19043.1708,KB5015020
Semi-Annual Channel,10/05/2022,19043.1706,KB5013942
Semi-Annual Channel,25/04/2022,19043.1682,KB5011831
Semi-Annual Channel,12/04/2022,19043.1645,KB5012599
Semi-Annual Channel,22/03/2022,19043.162,KB5011543
Semi-Annual Channel,08/03/2022,19043.1586,KB5011487
Semi-Annual Channel,15/02/2022,19043.1566,KB5010415
Semi-Annual Channel,08/02/2022,19043.1526,KB5010342
Semi-Annual Channel,25/01/2022,19043.1503,KB5009596
Semi-Annual Channel,17/01/2022,19043.1469,KB5010793
Semi-Annual Channel,11/01/2022,19043.1466,KB5009543
Semi-Annual Channel,14/12/2021,19043.1415,KB5008212
Semi-Annual Channel,22/11/2021,19043.1387,KB5007253
Semi-Annual Channel,09/11/2021,19043.1348,KB5007186
Semi-Annual Channel,26/10/2021,19043.132,KB5006738
Semi-Annual Channel,12/10/2021,19043.1288,KB5006670
Semi-Annual Channel,30/09/2021,19043.1266,KB5005611
Semi-Annual Channel,14/09/2021,19043.1237,KB5005565
Semi-Annual Channel,01/09/2021,19043.1202,KB5005101
Semi-Annual Channel,10/08/2021,19043.1165,KB5005033
Semi-Annual Channel,29/07/2021,19043.1151,KB5004296
Semi-Annual Channel,13/07/2021,19043.111,KB5004237
Semi-Annual Channel,06/07/2021,19043.1083,KB5004945
Semi-Annual Channel,29/06/2021,19043.1082,KB5004760
Semi-Annual Channel,21/06/2021,19043.1081,KB5003690
Semi-Annual Channel,11/06/2021,19043.1055,KB5004476
Semi-Annual Channel,08/06/2021,19043.1052,KB5003637
Semi-Annual Channel,25/05/2021,19043.1023,KB5003214
Semi-Annual Channel,18/05/2021,19043.985,KB5003173
Semi-Annual Channel,09/05/2023,19042.2965,KB5026361
Semi-Annual Channel,11/04/2023,19042.2846,KB5025221
Semi-Annual Channel,21/03/2023,19042.2788,KB5023773
Semi-Annual Channel,14/03/2023,19042.2728,KB5023696
Semi-Annual Channel,21/02/2023,19042.2673,KB5022906
Semi-Annual Channel,14/02/2023,19042.2604,KB5022834
Semi-Annual Channel,19/01/2023,19042.2546,KB5019275
Semi-Annual Channel,10/01/2023,19042.2486,KB5022282
Semi-Annual Channel,13/12/2022,19042.2364,KB5021233
Semi-Annual Channel,15/11/2022,19042.2311,KB5020030
Semi-Annual Channel,08/11/2022,19042.2251,KB5019959
Semi-Annual Channel,28/10/2022,19042.2194,KB5020953
Semi-Annual Channel,25/10/2022,19042.2193,KB5018482
Semi-Annual Channel,17/10/2022,19042.2132,KB5020435
Semi-Annual Channel,11/10/2022,19042.213,KB5018410
Semi-Annual Channel,20/09/2022,19042.2075,KB5017380
Semi-Annual Channel,13/09/2022,19042.2006,KB5017308
Semi-Annual Channel,26/08/2022,19042.1949,KB5016688
Semi-Annual Channel,09/08/2022,19042.1889,KB5016616
Semi-Annual Channel,26/07/2022,19042.1865,KB5015878
Semi-Annual Channel,12/07/2022,19042.1826,KB5015807
Semi-Annual Channel,28/06/2022,19042.1806,KB5014666
Semi-Annual Channel,20/06/2022,19042.1767,KB5016139
Semi-Annual Channel,14/06/2022,19042.1766,KB5014699
Semi-Annual Channel,02/06/2022,19042.1741,KB5014023
Semi-Annual Channel,19/05/2022,19042.1708,KB5015020
Semi-Annual Channel,10/05/2022,19042.1706,KB5013942
Semi-Annual Channel,25/04/2022,19042.1682,KB5011831
Semi-Annual Channel,12/04/2022,19042.1645,KB5012599
Semi-Annual Channel,22/03/2022,19042.162,KB5011543
Semi-Annual Channel,08/03/2022,19042.1586,KB5011487
Semi-Annual Channel,15/02/2022,19042.1566,KB5010415
Semi-Annual Channel,08/02/2022,19042.1526,KB5010342
Semi-Annual Channel,25/01/2022,19042.1503,KB5009596
Semi-Annual Channel,17/01/2022,19042.1469,KB5010793
Semi-Annual Channel,11/01/2022,19042.1466,KB5009543
Semi-Annual Channel,14/12/2021,19042.1415,KB5008212
Semi-Annual Channel,22/11/2021,19042.1387,KB5007253
Semi-Annual Channel,09/11/2021,19042.1348,KB5007186
Semi-Annual Channel,26/10/2021,19042.132,KB5006738
Semi-Annual Channel,12/10/2021,19042.1288,KB5006670
Semi-Annual Channel,30/09/2021,19042.1266,KB5005611
Semi-Annual Channel,14/09/2021,19042.1237,KB5005565
Semi-Annual Channel,01/09/2021,19042.1202,KB5005101
Semi-Annual Channel,10/08/2021,19042.1165,KB5005033
Semi-Annual Channel,29/07/2021,19042.1151,KB5004296
Semi-Annual Channel,13/07/2021,19042.111,KB5004237
Semi-Annual Channel,06/07/2021,19042.1083,KB5004945
Semi-Annual Channel,29/06/2021,19042.1082,KB5004760
Semi-Annual Channel,21/06/2021,19042.1081,KB5003690
Semi-Annual Channel,11/06/2021,19042.1055,KB5004476
Semi-Annual Channel,08/06/2021,19042.1052,KB5003637
Semi-Annual Channel,25/05/2021,19042.1023,KB5003214
Semi-Annual Channel,11/05/2021,19042.985,KB5003173
Semi-Annual Channel,28/04/2021,19042.964,KB5001391
Semi-Annual Channel,13/04/2021,19042.928,KB5001330
Semi-Annual Channel,29/03/2021,19042.906,KB5000842
Semi-Annual Channel,18/03/2021,19042.87,KB5001649
Semi-Annual Channel,15/03/2021,19042.868,KB5001567
Semi-Annual Channel,09/03/2021,19042.867,KB5000802
Semi-Annual Channel,24/02/2021,19042.844,KB4601382
Semi-Annual Channel,09/02/2021,19042.804,KB4601319
Semi-Annual Channel,02/02/2021,19042.789,KB4598291
Semi-Annual Channel,12/01/2021,19042.746,KB4598242
Semi-Annual Channel,08/12/2020,19042.685,KB4592438
Semi-Annual Channel,30/11/2020,19042.662,KB4586853
Semi-Annual Channel,19/11/2020,19042.631,KB4594440
Semi-Annual Channel,10/11/2020,19042.63,KB4586781
Semi-Annual Channel,29/10/2020,19042.61,KB4580364
Semi-Annual Channel,20/10/2020,19042.572,
Semi-Annual Channel,14/12/2021,19041.1415,KB5008212
Semi-Annual Channel,22/11/2021,19041.1387,KB5007253
Semi-Annual Channel,09/11/2021,19041.1348,KB5007186
Semi-Annual Channel,26/10/2021,19041.132,KB5006738
Semi-Annual Channel,12/10/2021,19041.1288,KB5006670
Semi-Annual Channel,30/09/2021,19041.1266,KB5005611
Semi-Annual Channel,14/09/2021,19041.1237,KB5005565
Semi-Annual Channel,01/09/2021,19041.1202,KB5005101
Semi-Annual Channel,10/08/2021,19041.1165,KB5005033
Semi-Annual Channel,29/07/2021,19041.1151,KB5004296
Semi-Annual Channel,13/07/2021,19041.111,KB5004237
Semi-Annual Channel,06/07/2021,19041.1083,KB5004945
Semi-Annual Channel,29/06/2021,19041.1082,KB5004760
Semi-Annual Channel,21/06/2021,19041.1081,KB5003690
Semi-Annual Channel,11/06/2021,19041.1055,KB5004476
Semi-Annual Channel,08/06/2021,19041.1052,KB5003637
Semi-Annual Channel,25/05/2021,19041.1023,KB5003214
Semi-Annual Channel,11/05/2021,19041.985,KB5003173
Semi-Annual Channel,28/04/2021,19041.964,KB5001391
Semi-Annual Channel,13/04/2021,19041.928,KB5001330
Semi-Annual Channel,29/03/2021,19041.906,KB5000842
Semi-Annual Channel,18/03/2021,19041.87,KB5001649
Semi-Annual Channel,15/03/2021,19041.868,KB5001567
Semi-Annual Channel,09/03/2021,19041.867,KB5000802
Semi-Annual Channel,24/02/2021,19041.844,KB4601382
Semi-Annual Channel,09/02/2021,19041.804,KB4601319
Semi-Annual Channel,02/02/2021,19041.789,KB4598291
Semi-Annual Channel,12/01/2021,19041.746,KB4598242
Semi-Annual Channel,08/12/2020,19041.685,KB4592438
Semi-Annual Channel,30/11/2020,19041.662,KB4586853
Semi-Annual Channel,19/11/2020,19041.631,KB4594440
Semi-Annual Channel,10/11/2020,19041.63,KB4586781
Semi-Annual Channel,29/10/2020,19041.61,KB4580364
Semi-Annual Channel,13/10/2020,19041.572,KB4579311
Semi-Annual Channel,01/10/2020,19041.546,KB4577063
Semi-Annual Channel,08/09/2020,19041.508,KB4571756
Semi-Annual Channel,03/09/2020,19041.488,KB4571744
Semi-Annual Channel,11/08/2020,19041.45,KB4566782
Semi-Annual Channel,31/07/2020,19041.423,KB4568831
Semi-Annual Channel,14/07/2020,19041.388,KB4565503
Semi-Annual Channel,18/06/2020,19041.331,KB4567523
Semi-Annual Channel,09/06/2020,19041.329,KB4557957
Semi-Annual Channel,27/05/2020,19041.264,
Semi-Annual Channel,10/05/2022,18363.2274,KB5013945
Semi-Annual Channel,12/04/2022,18363.2212,KB5012591
Semi-Annual Channel,08/03/2022,18363.2158,KB5011485
Semi-Annual Channel,08/02/2022,18363.2094,KB5010345
Semi-Annual Channel,17/01/2022,18363.2039,KB5010792
Semi-Annual Channel,11/01/2022,18363.2037,KB5009545
Semi-Annual Channel,14/12/2021,18363.1977,KB5008206
Semi-Annual Channel,09/11/2021,18363.1916,KB5007189
Semi-Annual Channel,12/10/2021,18363.1854,KB5006667
Semi-Annual Channel,21/09/2021,18363.1832,KB5005624
Semi-Annual Channel,14/09/2021,18363.1801,KB5005566
Semi-Annual Channel,26/08/2021,18363.1766,KB5005103
Semi-Annual Channel,10/08/2021,18363.1734,KB5005031
Semi-Annual Channel,29/07/2021,18363.1714,KB5004293
Semi-Annual Channel,13/07/2021,18363.1679,KB5004245
Semi-Annual Channel,06/07/2021,18363.1646,KB5004946
Semi-Annual Channel,15/06/2021,18363.1645,KB5003698
Semi-Annual Channel,08/06/2021,18363.1621,KB5003635
Semi-Annual Channel,20/05/2021,18363.1593,KB5003212
Semi-Annual Channel,11/05/2021,18363.1556,KB5003169
Semi-Annual Channel,22/04/2021,18363.1533,KB5001396
Semi-Annual Channel,13/04/2021,18363.15,KB5001337
Semi-Annual Channel,25/03/2021,18363.1474,KB5000850
Semi-Annual Channel,18/03/2021,18363.1443,KB5001648
Semi-Annual Channel,15/03/2021,18363.1441,KB5001566
Semi-Annual Channel,09/03/2021,18363.144,KB5000808
Semi-Annual Channel,16/02/2021,18363.1411,KB4601380
Semi-Annual Channel,11/02/2021,18363.1379,KB5001028
Semi-Annual Channel,09/02/2021,18363.1377,KB4601315
Semi-Annual Channel,21/01/2021,18363.135,KB4598298
Semi-Annual Channel,12/01/2021,18363.1316,KB4598229
Semi-Annual Channel,08/12/2020,18363.1256,KB4592449
Semi-Annual Channel,19/11/2020,18363.1237,KB4586819
Semi-Annual Channel,19/11/2020,18363.1199,KB4594443
Semi-Annual Channel,10/11/2020,18363.1198,KB4586786
Semi-Annual Channel,20/10/2020,18363.1171,KB4580386
Semi-Annual Channel,13/10/2020,18363.1139,KB4577671
Semi-Annual Channel,16/09/2020,18363.111,KB4577062
Semi-Annual Channel,08/09/2020,18363.1082,KB4574727
Semi-Annual Channel,20/08/2020,18363.1049,KB4566116
Semi-Annual Channel,11/08/2020,18363.1016,KB4565351
Semi-Annual Channel,21/07/2020,18363.997,KB4559004
Semi-Annual Channel,14/07/2020,18363.959,KB4565483
Semi-Annual Channel,16/06/2020,18363.904,KB4567512
Semi-Annual Channel,09/06/2020,18363.9,KB4560960
Semi-Annual Channel,12/05/2020,18363.836,KB4556799
Semi-Annual Channel,21/04/2020,18363.815,KB4550945
Semi-Annual Channel,14/04/2020,18363.778,KB4549951
Semi-Annual Channel,30/03/2020,18363.753,KB4554364
Semi-Annual Channel,24/03/2020,18363.752,KB4541335
Semi-Annual Channel,12/03/2020,18363.72,KB4551762
Semi-Annual Channel,10/03/2020,18363.719,KB4540673
Semi-Annual Channel,27/02/2020,18363.693,KB4535996
Semi-Annual Channel,11/02/2020,18363.657,KB4532693
Semi-Annual Channel,28/01/2020,18363.628,KB4532695
Semi-Annual Channel,14/01/2020,18363.592,KB4528760
Semi-Annual Channel,10/12/2019,18363.535,KB4530684
Semi-Annual Channel,12/11/2019,18363.476,KB4524570
Semi-Annual Channel,08/12/2020,18362.1256,KB4592449
Semi-Annual Channel,19/11/2020,18362.1237,KB4586819
Semi-Annual Channel,19/11/2020,18362.1199,KB4594443
Semi-Annual Channel,10/11/2020,18362.1198,KB4586786
Semi-Annual Channel,20/10/2020,18362.1171,KB4580386
Semi-Annual Channel,13/10/2020,18362.1139,KB4577671
Semi-Annual Channel,16/09/2020,18362.111,KB4577062
Semi-Annual Channel,08/09/2020,18362.1082,KB4574727
Semi-Annual Channel,20/08/2020,18362.1049,KB4566116
Semi-Annual Channel,11/08/2020,18362.1016,KB4565351
Semi-Annual Channel,21/07/2020,18362.997,KB4559004
Semi-Annual Channel,14/07/2020,18362.959,KB4565483
Semi-Annual Channel,16/06/2020,18362.904,KB4567512
Semi-Annual Channel,09/06/2020,18362.9,KB4560960
Semi-Annual Channel,12/05/2020,18362.836,KB4556799
Semi-Annual Channel,21/04/2020,18362.815,KB4550945
Semi-Annual Channel,14/04/2020,18362.778,KB4549951
Semi-Annual Channel,30/03/2020,18362.753,KB4554364
Semi-Annual Channel,24/03/2020,18362.752,KB4541335
Semi-Annual Channel,12/03/2020,18362.72,KB4551762
Semi-Annual Channel,10/03/2020,18362.719,KB4540673
Semi-Annual Channel,27/02/2020,18362.693,KB4535996
Semi-Annual Channel,11/02/2020,18362.657,KB4532693
Semi-Annual Channel,28/01/2020,18362.628,KB4532695
Semi-Annual Channel,14/01/2020,18362.592,KB4528760
Semi-Annual Channel,10/12/2019,18362.535,KB4530684
Semi-Annual Channel,12/11/2019,18362.476,KB4524570
Semi-Annual Channel,24/10/2019,18362.449,KB4522355
Semi-Annual Channel,08/10/2019,18362.418,KB4517389
Semi-Annual Channel,03/10/2019,18362.388,KB4524147
Semi-Annual Channel,26/09/2019,18362.387,KB4517211
Semi-Annual Channel,23/09/2019,18362.357,KB4522016
Semi-Annual Channel,10/09/2019,18362.356,KB4515384
Semi-Annual Channel,30/08/2019,18362.329,KB4512941
Semi-Annual Channel,13/08/2019,18362.295,KB4512508
Semi-Annual Channel,26/07/2019,18362.267,KB4505903
Semi-Annual Channel,09/07/2019,18362.239,KB4507453
Semi-Annual Channel,27/06/2019,18362.207,KB4501375
Semi-Annual Channel,11/06/2019,18362.175,KB4503293
Semi-Annual Channel,29/05/2019,18362.145,KB4497935
Semi-Annual Channel,21/05/2019,18362.116,KB4505057
LTSC,09/07/2024,17763.6054,KB5040430
LTSC,11/06/2024,17763.5936,KB5039217
LTSC,23/05/2024,17763.583,KB5039705
LTSC,14/05/2024,17763.582,KB5037765
LTSC,09/04/2024,17763.5696,KB5036896
LTSC,25/03/2024,17763.5579,KB5037425
LTSC,12/03/2024,17763.5576,KB5035849
LTSC,13/02/2024,17763.5458,KB5034768
LTSC,09/01/2024,17763.5329,KB5034127
LTSC,12/12/2023,17763.5206,KB5033371
LTSC,14/11/2023,17763.5122,KB5032196
LTSC,10/10/2023,17763.4974,KB5031361
LTSC,12/09/2023,17763.4851,KB5030214
LTSC,08/08/2023,17763.4737,KB5029247
LTSC,11/07/2023,17763.4645,KB5028168
LTSC,13/06/2023,17763.4499,KB5027222
LTSC,09/05/2023,17763.4377,KB5026362
LTSC,11/04/2023,17763.4252,KB5025229
LTSC,14/03/2023,17763.4131,KB5023702
LTSC,14/02/2023,17763.401,KB5022840
LTSC,10/01/2023,17763.3887,KB5022286
LTSC,20/12/2022,17763.3772,KB5022554
LTSC,13/12/2022,17763.377,KB5021237
LTSC,17/11/2022,17763.3653,KB5021655
LTSC,08/11/2022,17763.365,KB5019966
LTSC,17/10/2022,17763.3534,KB5020438
LTSC,11/10/2022,17763.3532,KB5018419
LTSC,20/09/2022,17763.3469,KB5017379
LTSC,13/09/2022,17763.3406,KB5017315
LTSC,23/08/2022,17763.3346,KB5016690
LTSC,09/08/2022,17763.3287,KB5016623
LTSC,21/07/2022,17763.3232,KB5015880
LTSC,12/07/2022,17763.3165,KB5015811
LTSC,23/06/2022,17763.3113,KB5014669
LTSC,14/06/2022,17763.3046,KB5014692
LTSC,24/05/2022,17763.2989,KB5014022
LTSC,19/05/2022,17763.2931,KB5015018
LTSC,10/05/2022,17763.2928,KB5013941
LTSC,21/04/2022,17763.2867,KB5012636
LTSC,12/04/2022,17763.2803,KB5012647
LTSC,22/03/2022,17763.2746,KB5011551
LTSC,08/03/2022,17763.2686,KB5011503
LTSC,15/02/2022,17763.2628,KB5010427
LTSC,08/02/2022,17763.2565,KB5010351
LTSC,25/01/2022,17763.251,KB5009616
LTSC,18/01/2022,17763.2458,KB5010791
LTSC,11/01/2022,17763.2452,KB5009557
LTSC,04/01/2022,17763.2369,KB5010196
LTSC,14/12/2021,17763.2366,KB5008218
LTSC,22/11/2021,17763.233,KB5007266
LTSC,14/11/2021,17763.2305,KB5008602
LTSC,09/11/2021,17763.23,KB5007206
LTSC,19/10/2021,17763.2268,KB5006744
LTSC,12/10/2021,17763.2237,KB5006672
LTSC,21/09/2021,17763.2213,KB5005625
LTSC,14/09/2021,17763.2183,KB5005568
LTSC,26/08/2021,17763.2145,KB5005102
LTSC,10/08/2021,17763.2114,KB5005030
LTSC,27/07/2021,17763.2091,KB5005394
LTSC,20/07/2021,17763.209,KB5004308
LTSC,13/07/2021,17763.2061,KB5004244
LTSC,06/07/2021,17763.2029,KB5004947
LTSC,15/06/2021,17763.2028,KB5003703
LTSC,08/06/2021,17763.1999,KB5003646
LTSC,20/05/2021,17763.1971,KB5003217
Semi-Annual Channel  •  Semi-Annual Channel (Targeted)  •  LTSC,11/05/2021,17763.1935,KB5003171
Semi-Annual Channel  •  Semi-Annual Channel (Targeted)  •  LTSC,22/04/2021,17763.1911,KB5001384
Semi-Annual Channel  •  Semi-Annual Channel (Targeted)  •  LTSC,13/04/2021,17763.1879,KB5001342
Semi-Annual Channel  •  Semi-Annual Channel (Targeted)  •  LTSC,25/03/2021,17763.1852,KB5000854
Semi-Annual Channel  •  Semi-Annual Channel (Targeted)  •  LTSC,18/03/2021,17763.1823,KB5001638
Semi-Annual Channel  •  Semi-Annual Channel (Targeted)  •  LTSC,15/03/2021,17763.1821,KB5001568
Semi-Annual Channel  •  Semi-Annual Channel (Targeted)  •  LTSC,09/03/2021,17763.1817,KB5000822
Semi-Annual Channel  •  Semi-Annual Channel (Targeted)  •  LTSC,16/02/2021,17763.179,KB4601383
Semi-Annual Channel  •  Semi-Annual Channel (Targeted)  •  LTSC,09/02/2021,17763.1757,KB4601345
Semi-Annual Channel  •  Semi-Annual Channel (Targeted)  •  LTSC,21/01/2021,17763.1728,KB4598296
Semi-Annual Channel  •  Semi-Annual Channel (Targeted)  •  LTSC,12/01/2021,17763.1697,KB4598230
Semi-Annual Channel  •  Semi-Annual Channel (Targeted)  •  LTSC,08/12/2020,17763.1637,KB4592440
Semi-Annual Channel  •  Semi-Annual Channel (Targeted)  •  LTSC,19/11/2020,17763.1613,KB4586839
Semi-Annual Channel  •  Semi-Annual Channel (Targeted)  •  LTSC,17/11/2020,17763.1579,KB4594442
Semi-Annual Channel  •  Semi-Annual Channel (Targeted)  •  LTSC,10/11/2020,17763.1577,KB4586793
Semi-Annual Channel  •  Semi-Annual Channel (Targeted)  •  LTSC,20/10/2020,17763.1554,KB4580390
Semi-Annual Channel  •  Semi-Annual Channel (Targeted)  •  LTSC,13/10/2020,17763.1518,KB4577668
Semi-Annual Channel  •  Semi-Annual Channel (Targeted)  •  LTSC,16/09/2020,17763.149,KB4577069
Semi-Annual Channel  •  Semi-Annual Channel (Targeted)  •  LTSC,08/09/2020,17763.1457,KB4570333
Semi-Annual Channel  •  Semi-Annual Channel (Targeted)  •  LTSC,20/08/2020,17763.1432,KB4571748
Semi-Annual Channel  •  Semi-Annual Channel (Targeted)  •  LTSC,11/08/2020,17763.1397,KB4565349
Semi-Annual Channel  •  Semi-Annual Channel (Targeted)  •  LTSC,21/07/2020,17763.1369,KB4559003
Semi-Annual Channel  •  Semi-Annual Channel (Targeted)  •  LTSC,14/07/2020,17763.1339,KB4558998
Semi-Annual Channel  •  Semi-Annual Channel (Targeted)  •  LTSC,16/06/2020,17763.1294,KB4567513
Semi-Annual Channel  •  Semi-Annual Channel (Targeted)  •  LTSC,09/06/2020,17763.1282,KB4561608
Semi-Annual Channel  •  Semi-Annual Channel (Targeted)  •  LTSC,12/05/2020,17763.1217,KB4551853
Semi-Annual Channel  •  Semi-Annual Channel (Targeted)  •  LTSC,21/04/2020,17763.1192,KB4550969
Semi-Annual Channel  •  Semi-Annual Channel (Targeted)  •  LTSC,14/04/2020,17763.1158,KB4549949
Semi-Annual Channel  •  Semi-Annual Channel (Targeted)  •  LTSC,30/03/2020,17763.1132,KB4554354
Semi-Annual Channel  •  Semi-Annual Channel (Targeted)  •  LTSC,17/03/2020,17763.1131,KB4541331
Semi-Annual Channel  •  Semi-Annual Channel (Targeted)  •  LTSC,10/03/2020,17763.1098,KB4538461
Semi-Annual Channel  •  Semi-Annual Channel (Targeted)  •  LTSC,25/02/2020,17763.1075,KB4537818
Semi-Annual Channel  •  Semi-Annual Channel (Targeted)  •  LTSC,11/02/2020,17763.1039,KB4532691
Semi-Annual Channel  •  Semi-Annual Channel (Targeted)  •  LTSC,23/01/2020,17763.1012,KB4534321
Semi-Annual Channel  •  Semi-Annual Channel (Targeted)  •  LTSC,14/01/2020,17763.973,KB4534273
Semi-Annual Channel  •  Semi-Annual Channel (Targeted)  •  LTSC,10/12/2019,17763.914,KB4530715
Semi-Annual Channel  •  Semi-Annual Channel (Targeted)  •  LTSC,12/11/2019,17763.864,KB4523205
Semi-Annual Channel  •  Semi-Annual Channel (Targeted)  •  LTSC,15/10/2019,17763.832,KB4520062
Semi-Annual Channel  •  Semi-Annual Channel (Targeted)  •  LTSC,08/10/2019,17763.805,KB4519338
Semi-Annual Channel  •  Semi-Annual Channel (Targeted)  •  LTSC,03/10/2019,17763.775,KB4524148
Semi-Annual Channel  •  Semi-Annual Channel (Targeted)  •  LTSC,24/09/2019,17763.774,KB4516077
Semi-Annual Channel  •  Semi-Annual Channel (Targeted)  •  LTSC,23/09/2019,17763.74,KB4522015
Semi-Annual Channel  •  Semi-Annual Channel (Targeted)  •  LTSC,10/09/2019,17763.737,KB4512578
Semi-Annual Channel  •  Semi-Annual Channel (Targeted)  •  LTSC,17/08/2019,17763.72,KB4512534
Semi-Annual Channel  •  Semi-Annual Channel (Targeted)  •  LTSC,13/08/2019,17763.678,KB4511553
Semi-Annual Channel  •  Semi-Annual Channel (Targeted)  •  LTSC,22/07/2019,17763.652,KB4505658
Semi-Annual Channel  •  Semi-Annual Channel (Targeted)  •  LTSC,09/07/2019,17763.615,KB4507469
Semi-Annual Channel  •  Semi-Annual Channel (Targeted)  •  LTSC,26/06/2019,17763.593,KB4509479
Semi-Annual Channel  •  Semi-Annual Channel (Targeted)  •  LTSC,18/06/2019,17763.592,KB4501371
Semi-Annual Channel  •  Semi-Annual Channel (Targeted)  •  LTSC,11/06/2019,17763.557,KB4503327
Semi-Annual Channel  •  Semi-Annual Channel (Targeted)  •  LTSC,21/05/2019,17763.529,KB4497934
Semi-Annual Channel  •  Semi-Annual Channel (Targeted)  •  LTSC,19/05/2019,17763.504,KB4505056
Semi-Annual Channel  •  Semi-Annual Channel (Targeted)  •  LTSC,14/05/2019,17763.503,KB4494441
Semi-Annual Channel  •  Semi-Annual Channel (Targeted)  •  LTSC,03/05/2019,17763.475,KB4495667
Semi-Annual Channel  •  Semi-Annual Channel (Targeted)  •  LTSC,01/05/2019,17763.439,KB4501835
Semi-Annual Channel  •  Semi-Annual Channel (Targeted)  •  LTSC,09/04/2019,17763.437,KB4493509
Semi-Annual Channel  •  Semi-Annual Channel (Targeted)  •  LTSC,02/04/2019,17763.404,KB4490481
Semi-Annual Channel  •  Semi-Annual Channel (Targeted)  •  LTSC,12/03/2019,17763.379,KB4489899
Semi-Annual Channel (Targeted)  •  LTSC,01/03/2019,17763.348,KB4482887
Semi-Annual Channel (Targeted)  •  LTSC,12/02/2019,17763.316,KB4487044
Semi-Annual Channel (Targeted)  •  LTSC,22/01/2019,17763.292,KB4476976
Semi-Annual Channel (Targeted)  •  LTSC,08/01/2019,17763.253,KB4480116
Semi-Annual Channel (Targeted)  •  LTSC,19/12/2018,17763.195,KB4483235
Semi-Annual Channel (Targeted)  •  LTSC,11/12/2018,17763.194,KB4471332
Semi-Annual Channel (Targeted)  •  LTSC,05/12/2018,17763.168,KB4469342
Semi-Annual Channel (Targeted)  •  LTSC,13/11/2018,17763.134,KB4467708
Semi-Annual Channel (Targeted)  •  LTSC,13/11/2018,17763.107,KB4464455
Semi-Annual Channel (Targeted)  •  LTSC,09/10/2018,17763.55,KB4464330
Semi-Annual Channel (Targeted)  •  LTSC,02/10/2018,17763.1,
Semi-Annual Channel  •  Semi-Annual Channel (Targeted),11/05/2021,17134.2208,KB5003174
Semi-Annual Channel  •  Semi-Annual Channel (Targeted),13/04/2021,17134.2145,KB5001339
Semi-Annual Channel  •  Semi-Annual Channel (Targeted),18/03/2021,17134.209,KB5001634
Semi-Annual Channel  •  Semi-Annual Channel (Targeted),15/03/2021,17134.2088,KB5001565
Semi-Annual Channel  •  Semi-Annual Channel (Targeted),09/03/2021,17134.2087,KB5000809
Semi-Annual Channel  •  Semi-Annual Channel (Targeted),09/02/2021,17134.2026,KB4601354
Semi-Annual Channel  •  Semi-Annual Channel (Targeted),12/01/2021,17134.1967,KB4598245
Semi-Annual Channel  •  Semi-Annual Channel (Targeted),08/12/2020,17134.1902,KB4592446
Semi-Annual Channel  •  Semi-Annual Channel (Targeted),10/11/2020,17134.1845,KB4586785
Semi-Annual Channel  •  Semi-Annual Channel (Targeted),13/10/2020,17134.1792,KB4580330
Semi-Annual Channel  •  Semi-Annual Channel (Targeted),08/09/2020,17134.1726,KB4577032
Semi-Annual Channel  •  Semi-Annual Channel (Targeted),11/08/2020,17134.1667,KB4571709
Semi-Annual Channel  •  Semi-Annual Channel (Targeted),14/07/2020,17134.161,KB4565489
Semi-Annual Channel  •  Semi-Annual Channel (Targeted),16/06/2020,17134.1553,KB4567514
Semi-Annual Channel  •  Semi-Annual Channel (Targeted),09/06/2020,17134.155,KB4561621
Semi-Annual Channel  •  Semi-Annual Channel (Targeted),12/05/2020,17134.1488,KB4556807
Semi-Annual Channel  •  Semi-Annual Channel (Targeted),21/04/2020,17134.1456,KB4550944
Semi-Annual Channel  •  Semi-Annual Channel (Targeted),14/04/2020,17134.1425,KB4550922
Semi-Annual Channel  •  Semi-Annual Channel (Targeted),30/03/2020,17134.1401,KB4554349
Semi-Annual Channel  •  Semi-Annual Channel (Targeted),17/03/2020,17134.1399,KB4541333
Semi-Annual Channel  •  Semi-Annual Channel (Targeted),10/03/2020,17134.1365,KB4540689
Semi-Annual Channel  •  Semi-Annual Channel (Targeted),25/02/2020,17134.1345,KB4537795
Semi-Annual Channel  •  Semi-Annual Channel (Targeted),11/02/2020,17134.1304,KB4537762
Semi-Annual Channel  •  Semi-Annual Channel (Targeted),23/01/2020,17134.1276,KB4534308
Semi-Annual Channel  •  Semi-Annual Channel (Targeted),14/01/2020,17134.1246,KB4534293
Semi-Annual Channel  •  Semi-Annual Channel (Targeted),10/12/2019,17134.1184,KB4530717
Semi-Annual Channel  •  Semi-Annual Channel (Targeted),12/11/2019,17134.113,KB4525237
Semi-Annual Channel  •  Semi-Annual Channel (Targeted),15/10/2019,17134.1099,KB4519978
Semi-Annual Channel  •  Semi-Annual Channel (Targeted),08/10/2019,17134.1069,KB4520008
Semi-Annual Channel  •  Semi-Annual Channel (Targeted),03/10/2019,17134.104,KB4524149
Semi-Annual Channel  •  Semi-Annual Channel (Targeted),24/09/2019,17134.1039,KB4516045
Semi-Annual Channel  •  Semi-Annual Channel (Targeted),23/09/2019,17134.1009,KB4522014
Semi-Annual Channel  •  Semi-Annual Channel (Targeted),10/09/2019,17134.1006,KB4516058
Semi-Annual Channel  •  Semi-Annual Channel (Targeted),19/08/2019,17134.984,KB4512509
Semi-Annual Channel  •  Semi-Annual Channel (Targeted),13/08/2019,17134.95,KB4512501
Semi-Annual Channel  •  Semi-Annual Channel (Targeted),16/07/2019,17134.915,KB4507466
Semi-Annual Channel  •  Semi-Annual Channel (Targeted),09/07/2019,17134.885,KB4507435
Semi-Annual Channel  •  Semi-Annual Channel (Targeted),26/06/2019,17134.86,KB4509478
Semi-Annual Channel  •  Semi-Annual Channel (Targeted),18/06/2019,17134.858,KB4503288
Semi-Annual Channel  •  Semi-Annual Channel (Targeted),11/06/2019,17134.829,KB4503286
Semi-Annual Channel  •  Semi-Annual Channel (Targeted),21/05/2019,17134.799,KB4499183
Semi-Annual Channel  •  Semi-Annual Channel (Targeted),19/05/2019,17134.766,KB4505064
Semi-Annual Channel  •  Semi-Annual Channel (Targeted),14/05/2019,17134.765,KB4499167
Semi-Annual Channel  •  Semi-Annual Channel (Targeted),25/04/2019,17134.753,KB4493437
Semi-Annual Channel  •  Semi-Annual Channel (Targeted),09/04/2019,17134.706,KB4493464
Semi-Annual Channel  •  Semi-Annual Channel (Targeted),19/03/2019,17134.677,KB4489894
Semi-Annual Channel  •  Semi-Annual Channel (Targeted),12/03/2019,17134.648,KB4489868
Semi-Annual Channel  •  Semi-Annual Channel (Targeted),19/02/2019,17134.619,KB4487029
Semi-Annual Channel  •  Semi-Annual Channel (Targeted),12/02/2019,17134.59,KB4487017
Semi-Annual Channel  •  Semi-Annual Channel (Targeted),15/01/2019,17134.556,KB4480976
Semi-Annual Channel  •  Semi-Annual Channel (Targeted),08/01/2019,17134.523,KB4480966
Semi-Annual Channel  •  Semi-Annual Channel (Targeted),19/12/2018,17134.472,KB4483234
Semi-Annual Channel  •  Semi-Annual Channel (Targeted),11/12/2018,17134.471,KB4471324
Semi-Annual Channel  •  Semi-Annual Channel (Targeted),27/11/2018,17134.441,KB4467682
Semi-Annual Channel  •  Semi-Annual Channel (Targeted),13/11/2018,17134.407,KB4467702
Semi-Annual Channel  •  Semi-Annual Channel (Targeted),24/10/2018,17134.376,KB4462933
Semi-Annual Channel  •  Semi-Annual Channel (Targeted),09/10/2018,17134.345,KB4462919
Semi-Annual Channel  •  Semi-Annual Channel (Targeted),26/09/2018,17134.32,KB4458469
Semi-Annual Channel  •  Semi-Annual Channel (Targeted),17/09/2018,17134.286,KB4464218
Semi-Annual Channel  •  Semi-Annual Channel (Targeted),11/09/2018,17134.285,KB4457128
Semi-Annual Channel  •  Semi-Annual Channel (Targeted),30/08/2018,17134.254,KB4346783
Semi-Annual Channel  •  Semi-Annual Channel (Targeted),14/08/2018,17134.228,KB4343909
Semi-Annual Channel  •  Semi-Annual Channel (Targeted),24/07/2018,17134.191,KB4340917
Semi-Annual Channel  •  Semi-Annual Channel (Targeted),16/07/2018,17134.167,KB4345421
Semi-Annual Channel  •  Semi-Annual Channel (Targeted),10/07/2018,17134.165,KB4338819
Semi-Annual Channel (Targeted),26/06/2018,17134.137,KB4284848
Semi-Annual Channel (Targeted),12/06/2018,17134.112,KB4284835
Semi-Annual Channel (Targeted),05/06/2018,17134.83,KB4338548
Semi-Annual Channel (Targeted),23/05/2018,17134.81,KB4100403
Semi-Annual Channel (Targeted),08/05/2018,17134.48,KB4103721
Semi-Annual Channel  •  Semi-Annual Channel (Targeted),13/10/2020,16299.2166,KB4580328
Semi-Annual Channel  •  Semi-Annual Channel (Targeted),08/09/2020,16299.2107,KB4577041
Semi-Annual Channel  •  Semi-Annual Channel (Targeted),11/08/2020,16299.2045,KB4571741
Semi-Annual Channel  •  Semi-Annual Channel (Targeted),14/07/2020,16299.1992,KB4565508
Semi-Annual Channel  •  Semi-Annual Channel (Targeted),18/06/2020,16299.1937,KB4567515
Semi-Annual Channel  •  Semi-Annual Channel (Targeted),09/06/2020,16299.1932,KB4561602
Semi-Annual Channel  •  Semi-Annual Channel (Targeted),12/05/2020,16299.1868,KB4556812
Semi-Annual Channel  •  Semi-Annual Channel (Targeted),14/04/2020,16299.1806,KB4550927
Semi-Annual Channel  •  Semi-Annual Channel (Targeted),30/03/2020,16299.1776,KB4554342
Semi-Annual Channel  •  Semi-Annual Channel (Targeted),17/03/2020,16299.1775,KB4541330
Semi-Annual Channel  •  Semi-Annual Channel (Targeted),10/03/2020,16299.1747,KB4540681
Semi-Annual Channel  •  Semi-Annual Channel (Targeted),25/02/2020,16299.1717,KB4537816
Semi-Annual Channel  •  Semi-Annual Channel (Targeted),11/02/2020,16299.1686,KB4537789
Semi-Annual Channel  •  Semi-Annual Channel (Targeted),23/01/2020,16299.1654,KB4534318
Semi-Annual Channel  •  Semi-Annual Channel (Targeted),14/01/2020,16299.1625,KB4534276
Semi-Annual Channel  •  Semi-Annual Channel (Targeted),10/12/2019,16299.1565,KB4530714
Semi-Annual Channel  •  Semi-Annual Channel (Targeted),12/11/2019,16299.1508,KB4525241
Semi-Annual Channel  •  Semi-Annual Channel (Targeted),15/10/2019,16299.1481,KB4520006
Semi-Annual Channel  •  Semi-Annual Channel (Targeted),08/10/2019,16299.1451,KB4520004
Semi-Annual Channel  •  Semi-Annual Channel (Targeted),03/10/2019,16299.1421,KB4524150
Semi-Annual Channel  •  Semi-Annual Channel (Targeted),24/09/2019,16299.142,KB4516071
Semi-Annual Channel  •  Semi-Annual Channel (Targeted),23/09/2019,16299.1392,KB4522012
Semi-Annual Channel  •  Semi-Annual Channel (Targeted),10/09/2019,16299.1387,KB4516066
Semi-Annual Channel  •  Semi-Annual Channel (Targeted),16/08/2019,16299.1365,KB4512494
Semi-Annual Channel  •  Semi-Annual Channel (Targeted),13/08/2019,16299.1331,KB4512516
Semi-Annual Channel  •  Semi-Annual Channel (Targeted),16/07/2019,16299.1296,KB4507465
Semi-Annual Channel  •  Semi-Annual Channel (Targeted),09/07/2019,16299.1268,KB4507455
Semi-Annual Channel  •  Semi-Annual Channel (Targeted),26/06/2019,16299.1239,KB4509477
Semi-Annual Channel  •  Semi-Annual Channel (Targeted),18/06/2019,16299.1237,KB4503281
Semi-Annual Channel  •  Semi-Annual Channel (Targeted),11/06/2019,16299.1217,KB4503284
Semi-Annual Channel  •  Semi-Annual Channel (Targeted),28/05/2019,16299.1182,KB4499147
Semi-Annual Channel  •  Semi-Annual Channel (Targeted),19/05/2019,16299.115,KB4505062
Semi-Annual Channel  •  Semi-Annual Channel (Targeted),14/05/2019,16299.1146,KB4499179
Semi-Annual Channel  •  Semi-Annual Channel (Targeted),25/04/2019,16299.1127,KB4493440
Semi-Annual Channel  •  Semi-Annual Channel (Targeted),09/04/2019,16299.1087,KB4493441
Semi-Annual Channel  •  Semi-Annual Channel (Targeted),19/03/2019,16299.1059,KB4489890
Semi-Annual Channel  •  Semi-Annual Channel (Targeted),12/03/2019,16299.1029,KB4489886
Semi-Annual Channel  •  Semi-Annual Channel (Targeted),19/02/2019,16299.1004,KB4487021
Semi-Annual Channel  •  Semi-Annual Channel (Targeted),12/02/2019,16299.967,KB4486996
Semi-Annual Channel  •  Semi-Annual Channel (Targeted),15/01/2019,16299.936,KB4480967
Semi-Annual Channel  •  Semi-Annual Channel (Targeted),08/01/2019,16299.904,KB4480978
Semi-Annual Channel  •  Semi-Annual Channel (Targeted),19/12/2018,16299.847,KB4483232
Semi-Annual Channel  •  Semi-Annual Channel (Targeted),11/12/2018,16299.846,KB4471329
Semi-Annual Channel  •  Semi-Annual Channel (Targeted),27/11/2018,16299.82,KB4467681
Semi-Annual Channel  •  Semi-Annual Channel (Targeted),13/11/2018,16299.785,KB4467686
Semi-Annual Channel  •  Semi-Annual Channel (Targeted),18/10/2018,16299.755,KB4462932
Semi-Annual Channel  •  Semi-Annual Channel (Targeted),09/10/2018,16299.726,KB4462918
Semi-Annual Channel  •  Semi-Annual Channel (Targeted),26/09/2018,16299.699,KB4457136
Semi-Annual Channel  •  Semi-Annual Channel (Targeted),17/09/2018,16299.666,KB4464217
Semi-Annual Channel  •  Semi-Annual Channel (Targeted),11/09/2018,16299.665,KB4457142
Semi-Annual Channel  •  Semi-Annual Channel (Targeted),30/08/2018,16299.637,KB4343893
Semi-Annual Channel  •  Semi-Annual Channel (Targeted),14/08/2018,16299.611,KB4343897
Semi-Annual Channel  •  Semi-Annual Channel (Targeted),24/07/2018,16299.579,KB4338817
Semi-Annual Channel  •  Semi-Annual Channel (Targeted),16/07/2018,16299.551,KB4345420
Semi-Annual Channel  •  Semi-Annual Channel (Targeted),10/07/2018,16299.547,KB4338825
Semi-Annual Channel  •  Semi-Annual Channel (Targeted),21/06/2018,16299.522,KB4284822
Semi-Annual Channel  •  Semi-Annual Channel (Targeted),12/06/2018,16299.492,KB4284819
Semi-Annual Channel  •  Semi-Annual Channel (Targeted),21/05/2018,16299.461,KB4103714
Semi-Annual Channel  •  Semi-Annual Channel (Targeted),08/05/2018,16299.431,KB4103727
Semi-Annual Channel  •  Semi-Annual Channel (Targeted),23/04/2018,16299.402,KB4093105
Semi-Annual Channel  •  Semi-Annual Channel (Targeted),10/04/2018,16299.371,KB4093112
Semi-Annual Channel  •  Semi-Annual Channel (Targeted),22/03/2018,16299.334,KB4089848
Semi-Annual Channel  •  Semi-Annual Channel (Targeted),13/03/2018,16299.309,KB4088776
Semi-Annual Channel  •  Semi-Annual Channel (Targeted),05/03/2018,16299.251,KB4090913
Semi-Annual Channel  •  Semi-Annual Channel (Targeted),13/02/2018,16299.248,KB4074588
Semi-Annual Channel  •  Semi-Annual Channel (Targeted),31/01/2018,16299.214,KB4058258
Semi-Annual Channel  •  Semi-Annual Channel (Targeted),18/01/2018,16299.201,KB4073291
Semi-Annual Channel  •  Semi-Annual Channel (Targeted),17/01/2018,16299.194,KB4073290
Semi-Annual Channel  •  Semi-Annual Channel (Targeted),03/01/2018,16299.192,KB4056892
Semi-Annual Channel  •  Semi-Annual Channel (Targeted),12/12/2017,16299.125,KB4054517
Semi-Annual Channel (Targeted),30/11/2017,16299.98,KB4051963
Semi-Annual Channel (Targeted),14/11/2017,16299.64,KB4048955
Semi-Annual Channel (Targeted),17/10/2017,16299.19,KB4043961
Semi-Annual Channel  •  CB,08/10/2019,15063.2108,KB4520010
Semi-Annual Channel  •  CB,03/10/2019,15063.2079,KB4524151
Semi-Annual Channel  •  CB,24/09/2019,15063.2078,KB4516059
Semi-Annual Channel  •  CB,23/09/2019,15063.2046,KB4522011
Semi-Annual Channel  •  CB,10/09/2019,15063.2045,KB4516068
Semi-Annual Channel  •  CB,17/08/2019,15063.2021,KB4512474
Semi-Annual Channel  •  CB,13/08/2019,15063.1988,KB4512507
Semi-Annual Channel  •  CB,16/07/2019,15063.1955,KB4507467
Semi-Annual Channel  •  CB,09/07/2019,15063.1928,KB4507450
Semi-Annual Channel  •  CB,26/06/2019,15063.1898,KB4509476
Semi-Annual Channel  •  CB,18/06/2019,15063.1897,KB4503289
Semi-Annual Channel  •  CB,11/06/2019,15063.1868,KB4503279
Semi-Annual Channel  •  CB,28/05/2019,15063.1839,KB4499162
Semi-Annual Channel  •  CB,19/05/2019,15063.1808,KB4505055
Semi-Annual Channel  •  CB,14/05/2019,15063.1805,KB4499181
Semi-Annual Channel  •  CB,02/05/2019,15063.1785,KB4502112
Semi-Annual Channel  •  CB,25/04/2019,15063.1784,KB4493436
Semi-Annual Channel  •  CB,09/04/2019,15063.1746,KB4493474
Semi-Annual Channel  •  CB,19/03/2019,15063.1716,KB4489888
Semi-Annual Channel  •  CB,12/03/2019,15063.1689,KB4489871
Semi-Annual Channel  •  CB,19/02/2019,15063.1659,KB4487011
Semi-Annual Channel  •  CB,12/02/2019,15063.1631,KB4487020
Semi-Annual Channel  •  CB,15/01/2019,15063.1596,KB4480959
Semi-Annual Channel  •  CB,08/01/2019,15063.1563,KB4480973
Semi-Annual Channel  •  CB,19/12/2018,15063.1508,KB4483230
Semi-Annual Channel  •  CB,11/12/2018,15063.1506,KB4471327
Semi-Annual Channel  •  CB,27/11/2018,15063.1478,KB4467699
Semi-Annual Channel  •  CB,13/11/2018,15063.1446,KB4467696
Semi-Annual Channel  •  CB,18/10/2018,15063.1418,KB4462939
Semi-Annual Channel  •  CB,09/10/2018,15063.1387,KB4462937
Semi-Annual Channel  •  CB,20/09/2018,15063.1356,KB4457141
Semi-Annual Channel  •  CB,11/09/2018,15063.1324,KB4457138
Semi-Annual Channel  •  CB,30/08/2018,15063.1292,KB4343889
Semi-Annual Channel  •  CB,14/08/2018,15063.1266,KB4343885
Semi-Annual Channel  •  CB,24/07/2018,15063.1235,KB4338827
Semi-Annual Channel  •  CB,16/07/2018,15063.1209,KB4345419
Semi-Annual Channel  •  CB,10/07/2018,15063.1206,KB4338826
Semi-Annual Channel  •  CB,21/06/2018,15063.1182,KB4284830
Semi-Annual Channel  •  CB,12/06/2018,15063.1155,KB4284874
Semi-Annual Channel  •  CB,17/05/2018,15063.1112,KB4103722
Semi-Annual Channel  •  CB,08/05/2018,15063.1088,KB4103731
Semi-Annual Channel  •  CB,17/04/2018,15063.1058,KB4093117
Semi-Annual Channel  •  CB,10/04/2018,15063.1029,KB4093107
Semi-Annual Channel  •  CB,22/03/2018,15063.994,KB4088891
Semi-Annual Channel  •  CB,13/03/2018,15063.966,KB4088782
Semi-Annual Channel  •  CB,08/03/2018,15063.936,KB4092077
Semi-Annual Channel  •  CB,22/02/2018,15063.936,KB4077528
Semi-Annual Channel  •  CB,13/02/2018,15063.909,KB4074592
Semi-Annual Channel  •  CB,17/01/2018,15063.877,KB4057144
Semi-Annual Channel  •  CB,03/01/2018,15063.85,KB4056891
Semi-Annual Channel  •  CB,12/12/2017,15063.786,KB4053580
Semi-Annual Channel  •  CB,22/11/2017,15063.729,KB4055254
Semi-Annual Channel  •  CB,14/11/2017,15063.726,KB4048954
Semi-Annual Channel  •  CB,02/11/2017,15063.675,KB4049370
Semi-Annual Channel  •  CB,10/10/2017,15063.674,KB4041676
Semi-Annual Channel  •  CB,25/09/2017,15063.632,KB4040724
Semi-Annual Channel  •  CB,12/09/2017,15063.608,KB4038788
Semi-Annual Channel  •  CB,08/08/2017,15063.54,KB4034674
Semi-Annual Channel  •  CB,01/08/2017,15063.502,KB4032188
Semi-Annual Channel  •  CB,11/07/2017,15063.483,KB4025342
CB,27/06/2017,15063.447,KB4022716
CB,13/06/2017,15063.413,KB4022725
CB,26/05/2017,15063.332,KB4020102
CB,09/05/2017,15063.296,KB4016871
CB,25/04/2017,15063.25,KB4016240
CB,11/04/2017,15063.138,KB4015583
CBB  •  CB  •  LTSB,09/07/2024,14393.7159,KB5040434
CBB  •  CB  •  LTSB,11/06/2024,14393.707,KB5039214
CBB  •  CB  •  LTSB,14/05/2024,14393.6981,KB5037763
CBB  •  CB  •  LTSB,09/04/2024,14393.6897,KB5036899
CBB  •  CB  •  LTSB,22/03/2024,14393.68,KB5037423
CBB  •  CB  •  LTSB,12/03/2024,14393.6796,KB5035855
CBB  •  CB  •  LTSB,13/02/2024,14393.6709,KB5034767
CBB  •  CB  •  LTSB,09/01/2024,14393.6614,KB5034119
CBB  •  CB  •  LTSB,12/12/2023,14393.6529,KB5033373
CBB  •  CB  •  LTSB,14/11/2023,14393.6452,KB5032197
CBB  •  CB  •  LTSB,10/10/2023,14393.6351,KB5031362
CBB  •  CB  •  LTSB,12/09/2023,14393.6252,KB5030213
CBB  •  CB  •  LTSB,08/08/2023,14393.6167,KB5029242
CBB  •  CB  •  LTSB,11/07/2023,14393.6085,KB5028169
CBB  •  CB  •  LTSB,23/06/2023,14393.5996,KB5028623
CBB  •  CB  •  LTSB,13/06/2023,14393.5989,KB5027219
CBB  •  CB  •  LTSB,09/05/2023,14393.5921,KB5026363
CBB  •  CB  •  LTSB,11/04/2023,14393.585,KB5025228
CBB  •  CB  •  LTSB,14/03/2023,14393.5786,KB5023697
CBB  •  CB  •  LTSB,14/02/2023,14393.5717,KB5022838
CBB  •  CB  •  LTSB,10/01/2023,14393.5648,KB5022289
CBB  •  CB  •  LTSB,13/12/2022,14393.5582,KB5021235
CBB  •  CB  •  LTSB,17/11/2022,14393.5502,KB5021654
CBB  •  CB  •  LTSB,08/11/2022,14393.5501,KB5019964
CBB  •  CB  •  LTSB,18/10/2022,14393.5429,KB5020439
CBB  •  CB  •  LTSB,11/10/2022,14393.5427,KB5018411
CBB  •  CB  •  LTSB,13/09/2022,14393.5356,KB5017305
CBB  •  CB  •  LTSB,09/08/2022,14393.5291,KB5016622
CBB  •  CB  •  LTSB,12/07/2022,14393.5246,KB5015808
CBB  •  CB  •  LTSB,14/06/2022,14393.5192,KB5014702
CBB  •  CB  •  LTSB,19/05/2022,14393.5127,KB5015019
CBB  •  CB  •  LTSB,10/05/2022,14393.5125,KB5013952
CBB  •  CB  •  LTSB,12/04/2022,14393.5066,KB5012596
CBB  •  CB  •  LTSB,08/03/2022,14393.5006,KB5011495
CBB  •  CB  •  LTSB,08/02/2022,14393.4946,KB5010359
CBB  •  CB  •  LTSB,17/01/2022,14393.4889,KB5010790
CBB  •  CB  •  LTSB,11/01/2022,14393.4886,KB5009546
CBB  •  CB  •  LTSB,05/01/2022,14393.4827,KB5010195
CBB  •  CB  •  LTSB,14/12/2021,14393.4825,KB5008207
CBB  •  CB  •  LTSB,14/11/2021,14393.4771,KB5008601
CBB  •  CB  •  LTSB,09/11/2021,14393.477,KB5007192
CBB  •  CB  •  LTSB,12/10/2021,14393.4704,KB5006669
CBB  •  CB  •  LTSB,14/09/2021,14393.4651,KB5005573
CBB  •  CB  •  LTSB,10/08/2021,14393.4583,KB5005043
CBB  •  CB  •  LTSB,29/07/2021,14393.4532,KB5005393
CBB  •  CB  •  LTSB,13/07/2021,14393.453,KB5004238
CBB  •  CB  •  LTSB,07/07/2021,14393.447,KB5004948
CBB  •  CB  •  LTSB,08/06/2021,14393.4467,KB5003638
CBB  •  CB  •  LTSB,11/05/2021,14393.4402,KB5003197
CBB  •  CB  •  LTSB,13/04/2021,14393.435,KB5001347
CBB  •  CB  •  LTSB,18/03/2021,14393.4288,KB5001633
CBB  •  CB  •  LTSB,09/03/2021,14393.4283,KB5000803
CBB  •  CB  •  LTSB,09/02/2021,14393.4225,KB4601318
CBB  •  CB  •  LTSB,12/01/2021,14393.4169,KB4598243
CBB  •  CB  •  LTSB,08/12/2020,14393.4104,KB4593226
CBB  •  CB  •  LTSB,19/11/2020,14393.4048,KB4594441
CBB  •  CB  •  LTSB,10/11/2020,14393.4046,KB4586830
CBB  •  CB  •  LTSB,13/10/2020,14393.3986,KB4580346
CBB  •  CB  •  LTSB,08/09/2020,14393.393,KB4577015
CBB  •  CB  •  LTSB,11/08/2020,14393.3866,KB4571694
CBB  •  CB  •  LTSB,14/07/2020,14393.3808,KB4565511
CBB  •  CB  •  LTSB,18/06/2020,14393.3755,KB4567517
CBB  •  CB  •  LTSB,09/06/2020,14393.375,KB4561616
CBB  •  CB  •  LTSB,12/05/2020,14393.3686,KB4556813
CBB  •  CB  •  LTSB,21/04/2020,14393.3659,KB4550947
CBB  •  CB  •  LTSB,14/04/2020,14393.363,KB4550929
CBB  •  CB  •  LTSB,17/03/2020,14393.3595,KB4541329
CBB  •  CB  •  LTSB,10/03/2020,14393.3564,KB4540670
CBB  •  CB  •  LTSB,25/02/2020,14393.3542,KB4537806
CBB  •  CB  •  LTSB,11/02/2020,14393.3504,KB4537764
CBB  •  CB  •  LTSB,23/01/2020,14393.3474,KB4534307
CBB  •  CB  •  LTSB,14/01/2020,14393.3443,KB4534271
CBB  •  CB  •  LTSB,10/12/2019,14393.3384,KB4530689
CBB  •  CB  •  LTSB,12/11/2019,14393.3326,KB4525236
CBB  •  CB  •  LTSB,15/10/2019,14393.33,KB4519979
CBB  •  CB  •  LTSB,08/10/2019,14393.3274,KB4519998
CBB  •  CB  •  LTSB,03/10/2019,14393.3243,KB4524152
CBB  •  CB  •  LTSB,24/09/2019,14393.3242,KB4516061
CBB  •  CB  •  LTSB,23/09/2019,14393.3206,KB4522010
CBB  •  CB  •  LTSB,10/09/2019,14393.3204,KB4516044
CBB  •  CB  •  LTSB,17/08/2019,14393.3181,KB4512495
CBB  •  CB  •  LTSB,13/08/2019,14393.3144,KB4512517
CBB  •  CB  •  LTSB,16/07/2019,14393.3115,KB4507459
CBB  •  CB  •  LTSB,09/07/2019,14393.3085,KB4507460
CBB  •  CB  •  LTSB,27/06/2019,14393.3056,KB4509475
CBB  •  CB  •  LTSB,18/06/2019,14393.3053,KB4503294
CBB  •  CB  •  LTSB,11/06/2019,14393.3025,KB4503267
CBB  •  CB  •  LTSB,23/05/2019,14393.2999,KB4499177
CBB  •  CB  •  LTSB,19/05/2019,14393.2972,KB4505052
CBB  •  CB  •  LTSB,14/05/2019,14393.2969,KB4494440
CBB  •  CB  •  LTSB,25/04/2019,14393.2941,KB4493473
CBB  •  CB  •  LTSB,25/04/2019,14393.2908,KB4499418
CBB  •  CB  •  LTSB,09/04/2019,14393.2906,KB4493470
CBB  •  CB  •  LTSB,19/03/2019,14393.2879,KB4489889
CBB  •  CB  •  LTSB,12/03/2019,14393.2848,KB4489882
CBB  •  CB  •  LTSB,19/02/2019,14393.2828,KB4487006
CBB  •  CB  •  LTSB,12/02/2019,14393.2791,KB4487026
CBB  •  CB  •  LTSB,17/01/2019,14393.2759,KB4480977
CBB  •  CB  •  LTSB,08/01/2019,14393.2724,KB4480961
CBB  •  CB  •  LTSB,19/12/2018,14393.267,KB4483229
CBB  •  CB  •  LTSB,11/12/2018,14393.2665,KB4471321
CBB  •  CB  •  LTSB,03/12/2018,14393.2641,KB4478877
CBB  •  CB  •  LTSB,27/11/2018,14393.2639,KB4467684
CBB  •  CB  •  LTSB,13/11/2018,14393.2608,KB4467691
CBB  •  CB  •  LTSB,18/10/2018,14393.258,KB4462928
CBB  •  CB  •  LTSB,09/10/2018,14393.2551,KB4462917
CBB  •  CB  •  LTSB,20/09/2018,14393.2515,KB4457127
CBB  •  CB  •  LTSB,11/09/2018,14393.2485,KB4457131
CBB  •  CB  •  LTSB,30/08/2018,14393.2457,KB4343884
CBB  •  CB  •  LTSB,14/08/2018,14393.243,KB4343887
CBB  •  CB  •  LTSB,30/07/2018,14393.2396,KB4346877
CBB  •  CB  •  LTSB,24/07/2018,14393.2395,KB4338822
CBB  •  CB  •  LTSB,16/07/2018,14393.2368,KB4345418
CBB  •  CB  •  LTSB,10/07/2018,14393.2363,KB4338814
CBB  •  CB  •  LTSB,21/06/2018,14393.2339,KB4284833
CBB  •  CB  •  LTSB,12/06/2018,14393.2312,KB4284880
CBB  •  CB  •  LTSB,17/05/2018,14393.2273,KB4103720
CBB  •  CB  •  LTSB,08/05/2018,14393.2248,KB4103723
CBB  •  CB  •  LTSB,17/04/2018,14393.2214,KB4093120
CBB  •  CB  •  LTSB,10/04/2018,14393.2189,KB4093119
CBB  •  CB  •  LTSB,29/03/2018,14393.2156,KB4096309
CBB  •  CB  •  LTSB,22/03/2018,14393.2155,KB4088889
CBB  •  CB  •  LTSB,13/03/2018,14393.2125,KB4088787
CBB  •  CB  •  LTSB,22/02/2018,14393.2097,KB4077525
CBB  •  CB  •  LTSB,13/02/2018,14393.2068,KB4074590
CBB  •  CB  •  LTSB,17/01/2018,14393.2035,KB4057142
CBB  •  CB  •  LTSB,03/01/2018,14393.2007,KB4056890
CBB  •  CB  •  LTSB,12/12/2017,14393.1944,KB4053579
CBB  •  CB  •  LTSB,27/11/2017,14393.1914,KB4051033
CBB  •  CB  •  LTSB,14/11/2017,14393.1884,KB4048953
CBB  •  CB  •  LTSB,02/11/2017,14393.1797,KB4052231
CBB  •  CB  •  LTSB,17/10/2017,14393.1794,KB4041688
CBB  •  CB  •  LTSB,10/10/2017,14393.177,KB4041691
CBB  •  CB  •  LTSB,28/09/2017,14393.1737,KB4038801
CBB  •  CB  •  LTSB,12/09/2017,14393.1715,KB4038782
CBB  •  CB  •  LTSB,28/08/2017,14393.167,KB4039396
CBB  •  CB  •  LTSB,16/08/2017,14393.1613,KB4034661
CBB  •  CB  •  LTSB,08/08/2017,14393.1593,KB4034658
CBB  •  CB  •  LTSB,07/08/2017,14393.1537,KB4038220
CBB  •  CB  •  LTSB,18/07/2017,14393.1532,KB4025334
CBB  •  CB  •  LTSB,11/07/2017,14393.148,KB4025339
CBB  •  CB  •  LTSB,27/06/2017,14393.1378,KB4022723
CBB  •  CB  •  LTSB,13/06/2017,14393.1358,KB4022715
CBB  •  CB  •  LTSB,09/05/2017,14393.1198,KB4019472
CBB  •  CB  •  LTSB,11/04/2017,14393.1066,KB4015217
CBB  •  CB  •  LTSB,20/03/2017,14393.969,KB4015438
CBB  •  CB  •  LTSB,14/03/2017,14393.953,KB4013429
CBB  •  CB  •  LTSB,10/01/2017,14393.693,KB3213986
CBB  •  CB  •  LTSB,13/12/2016,14393.576,KB3206632
CBB  •  CB  •  LTSB,09/12/2016,14393.479,KB3201845
CBB  •  CB  •  LTSB,08/11/2016,14393.447,KB3200970
CB  •  LTSB,27/10/2016,14393.351,KB3197954
CB  •  LTSB,11/10/2016,14393.321,KB3194798
CB  •  LTSB,29/09/2016,14393.222,KB3194496
CB  •  LTSB,20/09/2016,14393.187,KB3193494
CB  •  LTSB,13/09/2016,14393.187,KB3189866
CB  •  LTSB,31/08/2016,14393.105,KB3176938
CB  •  LTSB,23/08/2016,14393.82,KB3176934
CB  •  LTSB,09/08/2016,14393.51,KB3176495
CB  •  LTSB,02/08/2016,14393.1,KB3176929
CBB  •  CB,10/04/2018,10586.154,KB4093109
CBB  •  CB,13/03/2018,10586.1478,KB4088779
CBB  •  CB,13/02/2018,10586.1417,KB4074591
CBB  •  CB,18/01/2018,10586.1358,KB4075200
CBB  •  CB,03/01/2018,10586.1356,KB4056888
CBB  •  CB,12/12/2017,10586.1295,KB4053578
CBB  •  CB,14/11/2017,10586.1232,KB4048952
CBB  •  CB,02/11/2017,10586.1177,KB4052232
CBB  •  CB,10/10/2017,10586.1176,KB4041689
CBB  •  CB,12/09/2017,10586.1106,KB4038783
CBB  •  CB,08/08/2017,10586.1045,KB4034660
CBB  •  CB,11/07/2017,10586.1007,KB4025344
CBB  •  CB,27/06/2017,10586.965,KB4032693
CBB  •  CB,13/06/2017,10586.962,KB4022714
CBB  •  CB,09/05/2017,10586.916,KB4019473
CBB  •  CB,11/04/2017,10586.873,KB4015219
CBB  •  CB,14/03/2017,10586.839,KB4013198
CBB  •  CB,10/01/2017,10586.753,KB3210721
CBB  •  CB,13/12/2016,10586.713,KB3205386
CBB  •  CB,08/11/2016,10586.679,KB3198586
CBB  •  CB,11/10/2016,10586.633,KB3192441
CBB  •  CB,13/09/2016,10586.589,KB3185614
CBB  •  CB,09/08/2016,10586.545,KB3176493
CBB  •  CB,12/07/2016,10586.494,KB3172985
CBB  •  CB,14/06/2016,10586.42,KB3163018
CBB  •  CB,10/05/2016,10586.318,KB3156421
CBB  •  CB,12/04/2016,10586.218,KB3147458
CBB  •  CB,08/03/2016,10586.164,KB3140768
CB,01/03/2016,10586.122,KB3140743
CB,09/02/2016,10586.104,KB3135173
CB,27/01/2016,10586.71,KB3124262
CB,12/01/2016,10586.63,KB3124263
CB,17/12/2015,10586.36,KB3124200
CB,08/12/2015,10586.29,KB3116900
CB,02/12/2015,10586.17,KB3116908
CB,24/11/2015,10586.14,KB3120677
CB,18/11/2015,10586.11,KB3118754
CB,10/11/2015,10586.3,KB3105211
LTSB,09/07/2024,10240.2071,KB5040448
LTSB,11/06/2024,10240.2068,KB5039225
LTSB,14/05/2024,10240.20651,KB5037788
LTSB,09/04/2024,10240.20596,KB5036925
LTSB,12/03/2024,10240.20526,KB5035858
LTSB,13/02/2024,10240.20469,KB5034774
LTSB,09/01/2024,10240.20402,KB5034134
LTSB,12/12/2023,10240.20345,KB5033379
LTSB,14/11/2023,10240.20308,KB5032199
LTSB,10/10/2023,10240.20232,KB5031377
LTSB,12/09/2023,10240.20162,KB5030220
LTSB,08/08/2023,10240.20107,KB5029259
LTSB,11/07/2023,10240.20048,KB5028186
LTSB,23/06/2023,10240.19986,KB5028622
LTSB,13/06/2023,10240.19983,KB5027230
LTSB,09/05/2023,10240.19926,KB5026382
LTSB,11/04/2023,10240.19869,KB5025234
LTSB,14/03/2023,10240.19805,KB5023713
LTSB,14/02/2023,10240.19747,KB5022858
LTSB,10/01/2023,10240.19685,KB5022297
LTSB,13/12/2022,10240.19624,KB5021243
LTSB,08/11/2022,10240.19567,KB5019970
LTSB,18/10/2022,10240.19509,KB5020440
LTSB,11/10/2022,10240.19507,KB5018425
LTSB,13/09/2022,10240.19444,KB5017327
LTSB,09/08/2022,10240.19387,KB5016639
LTSB,12/07/2022,10240.1936,KB5015832
LTSB,14/06/2022,10240.19325,KB5014710
LTSB,10/05/2022,10240.19297,KB5013963
LTSB,12/04/2022,10240.19265,KB5012653
LTSB,08/03/2022,10240.19235,KB5011491
LTSB,08/02/2022,10240.19204,KB5010358
LTSB,17/01/2022,10240.19179,KB5010789
LTSB,11/01/2022,10240.19177,KB5009585
LTSB,14/12/2021,10240.19145,KB5008230
LTSB,09/11/2021,10240.19119,KB5007207
LTSB,12/10/2021,10240.19086,KB5006675
LTSB,14/09/2021,10240.1906,KB5005569
LTSB,10/08/2021,10240.19022,KB5005040
LTSB,13/07/2021,10240.19003,KB5004249
LTSB,06/07/2021,10240.18969,KB5004950
LTSB,08/06/2021,10240.18967,KB5003687
LTSB,11/05/2021,10240.18932,KB5003172
LTSB,13/04/2021,10240.18906,KB5001340
LTSB,18/03/2021,10240.18875,KB5001631
LTSB,09/03/2021,10240.18874,KB5000807
LTSB,09/02/2021,10240.18841,KB4601331
LTSB,12/01/2021,10240.18818,KB4598231
LTSB,08/12/2020,10240.18782,KB4592464
LTSB,10/11/2020,10240.18756,KB4586787
LTSB,13/10/2020,10240.18725,KB4580327
LTSB,08/09/2020,10240.18696,KB4577049
LTSB,11/08/2020,10240.18666,KB4571692
LTSB,14/07/2020,10240.18638,KB4565513
LTSB,18/06/2020,10240.18609,KB4567518
LTSB,09/06/2020,10240.18608,KB4561649
LTSB,12/05/2020,10240.18575,KB4556826
LTSB,14/04/2020,10240.18545,KB4550930
LTSB,10/03/2020,10240.18519,KB4540693
LTSB,11/02/2020,10240.18486,KB4537776
LTSB,14/01/2020,10240.18453,KB4534306
LTSB,10/12/2019,10240.18427,KB4530681
LTSB,12/11/2019,10240.18395,KB4525232
LTSB,08/10/2019,10240.18368,KB4520011
LTSB,03/10/2019,10240.18335,KB4524153
LTSB,23/09/2019,10240.18334,KB4522009
LTSB,10/09/2019,10240.18333,KB4516070
LTSB,17/08/2019,10240.18308,KB4517276
LTSB,13/08/2019,10240.18305,KB4512497
LTSB,09/07/2019,10240.18275,KB4507458
LTSB,11/06/2019,10240.18244,KB4503291
LTSB,19/05/2019,10240.18218,KB4505051
LTSB,14/05/2019,10240.18215,KB4499154
LTSB,25/04/2019,10240.18187,KB4498375
LTSB,09/04/2019,10240.18186,KB4493475
LTSB,12/03/2019,10240.18158,KB4489872
LTSB,21/02/2019,10240.18135,KB4491101
LTSB,12/02/2019,10240.18132,KB4487018
LTSB,08/01/2019,10240.18094,KB4480962
LTSB,19/12/2018,10240.18064,KB4483228
LTSB,11/12/2018,10240.18063,KB4471323
LTSB,13/11/2018,10240.18036,KB4467680
LTSB,09/10/2018,10240.18005,KB4462922
LTSB,11/09/2018,10240.17976,KB4457132
LTSB,14/08/2018,10240.17946,KB4343892
LTSB,16/07/2018,10240.17918,KB4345455
LTSB,10/07/2018,10240.17914,KB4338829
LTSB,12/06/2018,10240.17889,KB4284860
LTSB,08/05/2018,10240.17861,KB4103716
LTSB,10/04/2018,10240.17831,KB4093111
LTSB,13/03/2018,10240.17797,KB4088786
LTSB,13/02/2018,10240.1777,KB4074596
LTSB,31/01/2018,10240.17741,KB4077735
LTSB,18/01/2018,10240.17741,KB4075199
LTSB,03/01/2018,10240.17738,KB4056893
LTSB,12/12/2017,10240.17709,KB4053581
LTSB,14/11/2017,10240.17673,KB4048956
LTSB,10/10/2017,10240.17643,KB4042895
LTSB,12/09/2017,10240.17609,KB4038781
LTSB,08/08/2017,10240.17533,KB4034668
LTSB,11/07/2017,10240.17488,KB4025338
LTSB  •  CB  •  CBB,27/06/2017,10240.17446,KB4032695
LTSB  •  CB  •  CBB,13/06/2017,10240.17443,KB4022727
LTSB  •  CB  •  CBB,09/05/2017,10240.17394,KB4019474
LTSB  •  CB  •  CBB,11/04/2017,10240.17354,KB4015221
LTSB  •  CB  •  CBB,14/03/2017,10240.17319,KB4012606
LTSB  •  CB  •  CBB,10/01/2017,10240.17236,KB3210720
LTSB  •  CB  •  CBB,13/12/2016,10240.17202,KB3205383
LTSB  •  CB  •  CBB,08/11/2016,10240.1719,KB3198585
LTSB  •  CB  •  CBB,11/10/2016,10240.17146,KB3192440
LTSB  •  CB  •  CBB,20/09/2016,10240.17113,KB3193821
LTSB  •  CB  •  CBB,13/09/2016,10240.17113,KB3185611
LTSB  •  CB  •  CBB,09/08/2016,10240.17071,KB3176492
LTSB  •  CB  •  CBB,12/07/2016,10240.17024,KB3163912
LTSB  •  CB  •  CBB,14/06/2016,10240.16942,KB3163017
LTSB  •  CB  •  CBB,10/05/2016,10240.16854,KB3156387
LTSB  •  CB  •  CBB,12/04/2016,10240.16771,KB3147461
LTSB  •  CB  •  CBB,08/03/2016,10240.16725,KB3140745
LTSB  •  CB  •  CBB,09/02/2016,10240.16683,KB3135174
LTSB  •  CB  •  CBB,12/01/2016,10240.16644,KB3124266
LTSB  •  CB  •  CBB,08/12/2015,10240.16601,KB3116869
LTSB  •  CB  •  CBB,10/11/2015,10240.1659,KB3105213
LTSB  •  CB  •  CBB,27/10/2015,10240.16566,KB3105210
LTSB  •  CB  •  CBB,13/10/2015,10240.16549,KB3097617
LTSB  •  CB  •  CBB,30/09/2015,10240.1652,KB3093266
LTSB  •  CB  •  CBB,08/09/2015,10240.16487,KB3081455
LTSB  •  CB  •  CBB,27/08/2015,10240.16463,KB3081448
LTSB  •  CB  •  CBB,18/08/2015,10240.16445,KB3081444
LTSB  •  CB  •  CBB,14/08/2015,10240.16433,KB3081438
LTSB  •  CB  •  CBB,11/08/2015,10240.1643,KB3081436
LTSB  •  CB  •  CBB,05/08/2015,10240.16413,KB3081424
LTSB  •  CB  •  CBB,29/07/2015,10240.16405,KB3074683
